shipyard_id,shipyard_name,location,country,latitude,longitude,specialization,dry_dock_size_m,max_vessel_size_dwt,arctic_vessel_capability,annual_capacity_ships,key_clients,ownership_type,sources,confidence,last_verified
ARC-SHIP-001,Baltic Shipyard,St. Petersburg,Russia,59.9430,30.2620,"Nuclear Icebreakers (all Project 22220 incl. Leningrad & Stalingrad + Project 10510 Rossiya RITM-400),Naval Vessels,Arctic Ships",350,80000,Arc9/Nuclear Icebreakers (RITM-200 2x175MW; breaks up to 3m ice; 22 knots),6,"Atomflot (Rosatom),Russian Navy,Rosmorport",State-owned (United Shipbuilding Corp / OSK),"world-nuclear-news.org 2026-08-25 ""Reactors installed on nuclear-powered icebreaker Leningrad"" (Project 22220; RITM-200 units ~147t, 7.3m tall, 3.3m dia, installed underwater; Leningrad 6th of class; Arktika/Sibir/Ural/Yakutia in service, Chukotka mooring tests; 173m x 34m, 3m ice, 22kn; Afrikantov OKBM + ZiO-Podolsk); neimagazine.com ""Russia's nuclear icebreaker fleet advances"" (Leningrad ~31% complete mid-2026; keel Jan 2024; delivery to Arctic fleet Dec 2028; RITM-200 on Arktika/Ural/Sibir/Yakutia); tass.com 2026-08 ""Rosatom finishes building RITM-200 reactors for Leningrad"" (ZiO-Podolsk, 40-yr life, NSR backbone); www1.ru 2026-08-21 (reactors Iskra & Grom; 175MW, 147t, 40-yr life; keel 26 Jan 2024 with Putin present; 173.3m x 34m, 60MW shaft, 33.54k t, crew 54); paluba.media (Stalingrad laid 18 Nov 2025)",95,2026-08-25
ARC-SHIP-002,Zvezda Shipbuilding Complex,Bolshoy Kamen (Far East),Russia,42.8200,132.3200,"LNG Tankers (Arc7),Icebreakers,Arctic Shuttle Tankers",450,350000,Arc7 Ice-Class,12,"Novatek,Rosatom,Rosneft",State/Private Consortium,,,
ARC-SHIP-003,Severnaya Verf,St. Petersburg,Russia,59.9420,30.2600,"Commercial Vessels,Ice-Class Ships,Naval Vessels",280,50000,Arc5-Arc7,8,"Sovcomflot,Russian Navy,Export Clients",State-owned,,,
ARC-SHIP-004,Admiralty Shipyards,St. Petersburg,Russia,59.9360,30.2750,"Submarines,Icebreakers,Specialized Vessels",300,60000,Arc7/Nuclear,5,"Russian Navy,Atomflot,Rosmorport",State-owned,,,
ARC-SHIP-005,Onega Shipyard,Arkhangelsk,Russia,64.5400,40.5200,"Fishing Vessels,Ice-Class Cargo Ships,Repair",180,15000,Arc3-Arc5,12,"Arkhangelsk Sea Port,Local Fishing Companies",Private,,,
ARC-SHIP-006,Sredne-Nevsky Shipyard,St. Petersburg,Russia,59.8750,30.2000,"Composite Vessels,Mine Countermeasures,Special Ships",200,25000,Arc4,10,"Russian Navy,Export Markets",Private,,,
ARC-SHIP-007,Amur Shipbuilding Plant,Komsomolsk-on-Amur,Russia,50.5500,137.0200,"Naval Vessels,Cargo Ships,Support Vessels",320,45000,Arc4-Arc5,6,"Russian Navy,Pacific Fleet,Rosmorport",State-owned,,,
ARC-SHIP-008,Vyborg Shipyard,Vyborg,Russia,60.7100,28.7400,"Icebreakers,Tugs,Offshore Vessels",220,20000,Arc5-Arc6,8,"Rosmorport,Private Operators,Export",Private,,,
ARC-SHIP-009,Arctech Helsinki Shipyard,Helsinki,Finland,60.1700,24.9400,"Icebreakers,Arctic Offshore Vessels,Special Ships",280,35000,Arc4-Arc7,6,"Arctia,Fingrid,Export Clients",Private (Vyborg Shipyard ownership),,,
ARC-SHIP-010,Helsinki Shipyard,Helsinki,Finland,60.1800,24.9500,"Icebreakers,Arctic Security Cutters (USCG ASC),Cruise Ships,Research Vessels",260,40000,Arc4-Arc7,4,"US Coast Guard (Davie Defense: 2 of 5 ASCs under finalized USD 3.5B contract 2026-05-13, first delivery 2028, MPPS-100 lineage; combined Helsinki+Sata workforce to 1000 by end-2026),Canadian Coast Guard (CCGS Polar Max hull assembly from 2026-05-28),Swedish Maritime Admin",Private,helsinkishipyard.fi press releases 2026-02-11/2026-05-14/2026-06-23; gcaptain.com/davie-finalizes-arctic-security-cutters-deal; navalnews.com 2026-02,92,2026-08-23
ARC-SHIP-011,Rauma Marine Constructions,Rauma,Finland,61.1300,21.5100,"Arctic Security Cutters (2x USCG ASC ~USD 1.1B finalized 2026-07-02 per DHS, first Finnish-built ASC 2028),Ferries,Cargo Ships,Ice-Class Vessels",240,30000,Arc4-Arc5,8,"US Coast Guard (up to 2 ASCs, MPI design Aker Arctic+Seaspan; awarded 2025-12-26/29, finalized 2026-07-02),Finnlines,Viking Line,Export",Private,news.uscg.mil Press-Releases Article/4368196; dhs.gov/news 2026-07-02; yle.fi/a/74-20201886; navalnews.com 2026-01,96,2026-08-23
ARC-SHIP-012,Turku Shipyard,Turku,Finland,60.4500,22.2700,"Cruise Ships,Ice-Class Ferries,Large Vessels",320,100000,Arc4-Arc6,3,"Royal Caribbean,Carnival,Viking Line",Private (Meyer Turku),,,
ARC-SHIP-013,Damen Shipyard Galati,Galati,Romania,45.4300,28.0500,"Arctic Research Vessels,Offshore Support,Ice-Class Ships",300,40000,Arc4-Arc5,15,"NOAA,Research Institutes,Commercial",Private (Damen Group),,,
ARC-SHIP-014,Aker Arctic Technology,"Merenkulkijankatu 6, Helsinki (Herttoniemi)",Finland,60.2104,25.0808,"Icebreaker Design,Arctic Vessel Consulting,Testing",N/A,N/A,Design Only,N/A,"Global Shipyards,Arctic Operators,Royal Arctic Line",Private,,,
ARC-SHIP-015,Naval Group (Arctic Capabilities),Cherbourg,France,49.6400,-1.6200,"Naval Icebreakers,Research Vessels,Submarines",350,70000,Arc5-Arc7,4,"French Navy,Export Clients",Private,,,
ARC-SHIP-016,BAE Systems (Naval Ships),Glasgow,UK,55.8600,-4.2500,"Naval Vessels,Ice-Class Patrol Ships,Research",280,40000,Arc4-Arc5,4,"Royal Navy,UK Research Councils",Private,,,
ARC-SHIP-017,Cammell Laird,Birkenhead,UK,53.3900,-3.0100,"Ship Repair,Conversions,Naval Support",380,100000,Arc4 (modification),8,"Royal Navy,Commercial Operators",Private,,,
ARC-SHIP-018,Davie Shipbuilding,Levis (Quebec),Canada,46.8000,-71.1800,"Icebreakers (incl. six C$11.3B Polar Class 3 programme icebreakers for Canadian Coast Guard at Chantier Davie),Ferries,Arctic Vessels (Davie Defense: 5x USCG Arctic Security Cutters + Polar Max)",350,60000,Arc4-Arc5,4,"Canadian Coast Guard (C$11.3B x6 Polar Class 3 programme icebreakers),US Coast Guard (Arctic Security Cutters via Davie Defense),Provincial Ferries",Private,"pm.gc.ca (official PM Carney, 24 Aug 2026: largest shipbuilding contract in Quebec history, C$11B+ x6 Polar Class 3 icebreakers, construction 2027, first ship ~2032, full fleet 2038, ~5,000 jobs, ~C$650M/yr GDP, Buy Canadian steel); newswire.ca ""Davie Awarded Historic Contract to Build Six Program Icebreakers"" (C$11.3B fixed-price x6 Program Icebreakers under National Shipbuilding Strategy; first vessel 2027; all six through 2030s; replaces aging heavy/medium icebreakers, Arctic summer ops, year-round icebreaking; Inocea); gcaptain.com + breakbulk.news + lexpert.ca + financialpost.com + everythinggp.com (C$11B, Polar Class 3, Levis, ~5,000 jobs, ICE Pact); finland Aino context (Davie/Sata) per lvm.fi",97,2026-08-25
ARC-SHIP-019,Seaspan Vancouver Shipyards,Vancouver,Canada,49.2900,-123.1200,"Polar Icebreakers,Naval Support,Offshore",320,50000,Polar Class 2-3,3,"Canadian Coast Government,Royal Canadian Navy",Private,,,
ARC-SHIP-020,Halifax Shipyard,Halifax,Canada,44.6500,-63.5700,"Arctic Patrol Ships,Ice-Class Vessels,Naval",280,40000,Arc4-Arc5,4,"Royal Canadian Navy,Canadian Coast Guard",Private (Irving),,,
ARC-SHIP-021,Vigor Shipyard,Seattle,USA,47.6000,-122.3300,"Icebreakers,Ferries,Arctic Support Vessels",260,35000,Arc4-Arc5,3,"Washington State Ferries,USCG",Private,,,
ARC-SHIP-022,VT Halter Marine,Pascagoula,USA,30.3700,-88.5600,"Arctic Research Vessels,Offshore Support",300,45000,Arc4,5,"NSF,NOAA,Academic Institutions",Private,,,
ARC-SHIP-023,Eastern Shipbuilding,Panama City,USA,30.1600,-85.6600,"Arctic Security Cutters,Offshore Vessels",320,50000,Polar Class 3-4,2,"US Coast Guard,Commercial",Private,,,
ARC-SSHIP-024,Ulstein Verft,Ulsteinvik,Norway,62.3400,6.1400,"Offshore Vessels,Expedition Ships,Arctic Support",240,30000,Arc5,6,"Hurtigruten,Offshore Operators,Research",Private,,,
ARC-SHIP-025,Vard Shipyards (Multiple),Various,Norway/Finland,Various,Various,"Expedition Ships,Cruise Vessels,Arctic Ships",280,40000,Arc4-Arc6,10,"Hurtigruten,Ponant,Seabourn",Private (Fincantieri),,,
ARC-SHIP-026,Kleven Verft,Ulsteinvik,Norway,62.3500,6.1500,"Offshore Support,Expedition Vessels,Yachts",220,25000,Arc4-Arc5,4,"Private Owners,Research Institutes",Private,,,
ARC-SHIP-027,Greenland Dockyards,Nuuk,Greenland,64.1800,-51.6900,"Small Vessels,Repairs,Fishing Boats",120,5000,Arc3 (local),8,"Royal Arctic Line,Local Fishers",Municipal,,,
ARC-SHIP-029,Northern Marine Repair,Anchorage,USA,61.2200,-149.9000,"Ship Repairs,Arctic Vessel Maintenance",N/A,N/A,Service Only,N/A,"Alaska Marine Highway,Commercial Operators",Private,,,
ARC-SHIP-030,Damen Shiprepair Amsterdam,Amsterdam,Netherlands,52.3800,4.9000,"Arctic Vessel Repair,Conversion,Ice-Class Certification",400,150000,Arc4-Arc7,20,"European Arctic Operators,Yamal Fleet",Private (Damen),,,
ARC-SHIP-031,Fayard A/S,Munkebo,Denmark,55.4600,10.5500,"LNG Carrier Repair,Arc7 Maintenance,Offshore",380,120000,Arc7,15,"Yamal LNG Fleet,European LNG Operators",Private,,,
ARC-SHIP-032,Orskov Yard,Frederikshavn,Denmark,57.4400,10.5400,"Arctic Vessel Repair,Modifications",280,60000,Arc4-Arc7,8,"NORDEN,European Arctic Fleet",Private,,,
ARC-SHIP-033,Sembcorp Marine (Arctic Capabilities),Singapore,1.2600,103.8300,"LNG Tankers,Arctic Offshore,Conversions",450,300000,Arc4-Arc5,25,"Global Arctic Operators,Conversion Projects",Private,,,,
ARC-SHIP-034,Hyundai Heavy Industries (Arctic),Ulsan,South Korea,35.5000,129.3900,"LNG Carriers,Ice-Class Tankers,Arctic Vessels",420,320000,Arc4-Arc7,30,"Global LNG Projects,Arctic Oil/Gas",Private,,,
ARC-SHIP-035,Daewoo Shipbuilding (Arctic),Okpo,South Korea,34.8800,128.7200,"LNG Carriers,Arctic Offshore Vessels",450,350000,Arc4-Arc7,25,"Global LNG Projects,Arctic Oil/Gas",Private,,,
ARC-SHIP-036,Shanghai Waigaoqiao (Arctic),Shanghai,China,31.3667,121.5667,"Container Ships,Arctic-Capable Vessels",380,200000,Arc4,20,"Cosco,Chinese Arctic Projects",State-owned,,,
ARC-SHIP-037,Jiangnan Shipyard (Arctic),Shanghai,China,31.3533,121.6917,"Research Vessels,Ice-Class Ships,Naval",320,60000,Arc4-Arc6,8,"Polar Research Institute,Chinese Navy",State-owned,,,
ARC-SHIP-038,Hudong-Zhonghua (Arctic),Shanghai,China,31.2700,121.5400,"LNG Carriers,Container Ships,Arctic Vessels",400,220000,Arc4-Arc5,15,"Chinese Energy Companies,Export",State-owned,,,
ARC-SHIP-039,Wuchang Shipyard (Arctic),Wuhan,China,30.5900,114.3100,"Polar Research Vessels,Ice-Class Support Ships",260,35000,Arc4-Arc5,6,"Polar Research Institute,Chinese Navy",State-owned,,,
ARC-SHIP-040,Mitsubishi Heavy Industries (Arctic),Nagasaki,Japan,32.7500,129.8700,"LNG Carriers,Arctic Offshore Vessels",420,180000,Arc4-Arc5,12,"Japanese Energy Companies,Export",Private,,,
ARC-SHIP-041,Kawasaki Heavy Industries (Arctic),Kobe,Japan,34.6900,135.1900,"LNG Carriers,Arctic-Capable Ships",400,170000,Arc4-Arc5,10,"Japanese Operators,International LNG",Private,,,
ARC-SHIP-042,Imabari Shipbuilding (Arctic),Imabari,Japan,34.0700,133.0000,"Bulk Carriers,Arctic-Capable Cargo Ships",350,100000,Arc4,15,Japanese and International Owners,Private,,,
ARC-SHIP-043,Fosen Yard,Rissa,Norway,64.2500,10.4500,"Ferries,Cruise Vessels,Arctic Ships",240,35000,Arc4-Arc5,4,"Norwegian Operators,Coastal Ferries",Private,,,
ARC-SHIP-044,Havyard Group,Leirvik,Norway,61.1800,6.0800,"Offshore Vessels,Arctic Support,Expedition Ships",220,30000,Arc4-Arc5,6,Norwegian and International Operators,Private,,,
ARC-SHIP-045,Sefine Shipyard,Altinova,Turkey,40.7000,29.5200,"Offshore Vessels,Arctic-Capable Ships",200,25000,Arc4,8,"European Operators,Export Markets",Private,,,
ARC-SHIP-046,Seward Shipyard (JAG Alaska / Catalyst Marine Engineering),Seward,USA,60.1042,-149.4425,"Vessel repair, dry-dock rail transfer, fabrication, welding, material handling",NULL,NULL,Arc3,20,"JAG Alaska, Catalyst Marine Engineering, Alaska fishing fleet, cruise operators (Seward Company Terminal)",Mixed (City of Seward port authority / private operators),,,
ARC-SHIP-047,Slippurinn DNG,Akureyri,Iceland,65.6816,-18.0986,"Floating Docks (flotkvíar),Passenger Vessels,Processing Equipment",,1200,Coastal + small Arctic craft,2,"Icelandic fishing fleet,Arctic cruise operators",Private,"slippurinndng.is (company, 4 Iceland offices, floating docks + passenger vessels); linkedin.com/company/slippurinn-dng (shipyard profile, Akureyri)",70,2026-08-22
ARC-SHIP-048,Ketchikan Shipyard (JAG Ketchikan LLC),"Ketchikan, Alaska",USA,55.3422,-131.6461,"Aluminum & steel marine fabrication, vessel repair/refit/modernization, drydocking, heavy lift","Dual floating drydocks (Nos. 1-2); 70,000 sq ft Doug Ward assembly hall",2500,Arc3 (USCG/NOAA Arctic-support repair),25,"NOAA (Henry B. Bigelow $99.6M SLE, Oscar Dyson $95M midlife, Rainier), USCG (Douglas Denman), US Navy SEAFAC IX527, Alaska fishing fleet, commercial",Public (AIDEA-owned; JAG Marine Group operator since Sept 2025),"jagketchikan.com (official: dual floating drydocks, 70k sq ft assembly hall, aluminum/steel fabrication, government/international clients); ketchikandailynews.com ($99.6M NOAA Bigelow contract Jun 2026; AIDEA-JAG transition from Vigor Alaska); akbizmag.com (AIDEA puts JAG at helm; 3-4x revenue target, 100+ jobs); krbd.org (2026-02: ~175 staff, volume up; Vigor exited Nov 2025)",92,2026-08-22
ARC-SHIP-049,Novatek Kola Shipyard (CSMS — Centre for Large-Tonnage Marine Structures),Belokamenka (Murmansk Oblast),Russia,69.0756,33.2836,"LNG gravity-based structures (GBS), large-tonnage offshore modules, LNG topside integration, dry-dock GBS construction; 380m skidding track, 40,000t lifting capacity",380,160000,Arc9 (GBS for Arctic LNG),1,"Novatek (Arctic LNG 2 GBS1-3, Murmansk LNG), Rosatom-adjacent Arctic LNG supply chain",Private (Novatek — Novatek-Murmansk LLC),"\""vedomosti.ru (2026-05-08: Novatek to invest at least RUB 228B by end-2027 in CSMS Belokamenka; agreement approved 2026-04-30; ~RUB 18.7B regional tax payments; land lease without tender); portnews.ru (CSMS created under 2015 government order; strategic regional-scale investment project, RUB 228B capex, RUB 18.71B tax revenues); thebarentsobserver.com (2026: Arctic LNG 2 Train 3 modules arriving from China, sanctions context, GBS construction restart); en.arctic.ru (Murmansk large-tonnage maritime structures construction centre described as globally unmatched; regional transport hub development)\"",92,2026-08-22
ARC-SHIP-050,Kimek AS,Kirkenes", Sør-Varanger," Finnmark"""
ARC-SHIP-050,Kimek AS,"Kirkenes, Sor-Varanger (Storgata 4, 9900 Kirkenes)",Norway,69.7270,30.0456,"Offshore production/repair yard - new construction, maintenance & remodelling for offshore; ship repair and rebuilding; steel fabrication; industrial services (machining, steel/aluminium structures, surface treatment incl. water jetting/sandblasting/painting); electrical installations and electromechanical workshop (motors, generators); mobile crane lifting","No dry dock; heated ship hall 80x40 m (33.6 m high), heavy-lift 117x24 m up to 5,000 t, 280 m quay, crane capacity 2x50 t",N/A,"Yes - one of the world's northernmost offshore/industrial yards, near the Barents Sea; Arctic offshore structures production, repair and maintenance; ISO 3834-2:2021 certified (Kiwa, cert no. 2306, valid to 2027-12-21); ISO 9001:2021",N/A,Petroleum/oil & gas sector; Sor-Varanger mining industry; offshore vessel operators,"Private (100% Kimek Holding AS; est. 1986, org.nr. 941 982 824)","kimek.com/about-us; kimek.com/offshore-production; kimek.com/industry; kimek.com/electro-services; proff.no/selskap/kimek-as/kirkenes/reparatorer/IFKTYLK10KD (73 employees, CEO Greger Mannsverk, 2025 revenue NOK 134.8M, profit NOK 14.5M); 1881.no/skipsbyggerier-og-verft.../kimek-as; kimek.com/_files/ugd/... (ISO 3834-2:2021 certificate)",88,2026-08-22
ARC-SHIP-051,"Wrangell 6-Mile Shipyard (JAG Marine Group, proposed)","Wrangell (6-Mile Mill site, ~6 mi south of harbour)",USA,56.385,-132.355,"Proposed large-vessel shipyard: fabrication, construction and repair of vessels up to 600 ft; flexible shiplift system (Pearlson Group design) allowing multiple ships in work simultaneously; 24-acre site extending into water",Planned shiplift + piers (design phase; Pearlson & Pearlson feasibility),600,Arc4 (targets USCG/NOAA/Navy Pacific+Arctic-operating vessels),0,"USCG (incl. future Arctic Security Cutter maintenance), NOAA, US Navy, commercial fleet","Private (JAG Marine Group — operator of Ketchikan & Seward shipyards; 3-yr tidelands lease approved by Borough Assembly 2026-02-24, MOU Jan 28 2026, $750K joint feasibility study with borough)","wrangellsentinel.com (3-year tidelands lease approved Feb 24 2026; full shipyard $605-726M estimate; 24-acre site; Pearlson & Pearlson design; full design est. Jan 2028 at $17.8-21.3M; Ketchikan yard drydock ~1/3 proposed Wrangell capacity); kstk.org (could become Southeast's largest shipyard; borough $550K + JAG $200K for 30% design/feasibility; 10% community give-back program; ~150 jobs); wrangell.com 2026-02-24 + 2026-04-30 (official: JAG Marine Group partnership, Pearlson Group shiplift design, Coast Guard City designation); juneauindependent.com (Assembly OKs 3-yr tidelands lease, federal funding pursuit)",90,2026-08-22
ARC-SHIP-052,Kolskaya Shipyard - sports & pleasure boat workshop (planned),Murmansk (Kola Bay shore; yard site per 2026 announcement),69.06,33.2,"New 1,500 sq m workshop for sports and pleasure boats: assembly, finishing and mechanical workshops, slipway and quay; also ship repair services; leverages AZRF tax benefits and land plots without bidding; construction start 2027, completion 2031; ~RUB 27M project",Slipway (planned; no dry dock in announced scope),N/A (recreational/small craft),Arc2 (small craft newbuild + ship repair in AZRF),N/A,"Private boat owners, sports/pleasure boat market in Murmansk Oblast and AZRF; ship repair clients",Private (Kolskaya Shipyard),"www1.ru 2026-05-22 (independent news: 1,500 sq m workshop, assembly/finishing/mechanical shops, slipway + quay, RUB 27M, 2027-2031 timeline, AZRF advantages); en.arctic.ru 2026-05-27 (official Arctic Russia portal: AZRF 314 residents / RUB 371B+ investment portfolio, tax benefits and land-without-tender regime context). NAME DISAMBIGUATION: Kolskaya Shipyard (Murmansk, Kola Bay) is NOT Novatek's CSMS Belokamenka (ARC-SHIP-049), nor the Kolskaya NPP construction project",75,2026-08-22,
ARC-SHIP-053,Frederikshavn State-Owned Arctic Vessel Assembly Facility (planned),"Frederikshavn, North Jutland",Denmark,57.4408,10.5366,"Distributed modular assembly of 5 new Danish Navy Arctic patrol vessels; state-owned facility designed for future larger naval ships; anchors domestic maritime industrial base (2026-02 decision, Deloitte analysis)",,4000,Yes (Arctic patrol vessels; complements 3 Knud Rasmussen-class),5 Arctic vessels (initial programme),"Danish Navy (Forsvaret), Danish maritime industry (designers, suppliers, shipyards)",State (Danish Ministry of Defence),"""navalnews.com (2026-02: distributed construction strategy, central assembly Frederikshavn, government-owned, Deloitte analysis); fmn.dk (official Danish MoD: Second Agreement on Arctic & North Atlantic DKK 27.4B incl. new Arctic vessels, 2025-2033); danskemaritime.dk (Danish Maritime industry association welcomes strategy, national framework)""",90,2026-08-22
ARC-SHIP-055,Sata Shipbuilding (Mantyluoto),"Pori (Mantyluoto), Satakunta",Finland,61.5992,21.4100,"Steel production + heavy block construction specialist for polar vessels; steel-cut ceremony for first USCG Arctic Security Cutter held 2026-06-23; fabricated/shipped 275-tonne CCGS Polar Max hull block to Helsinki Shipyard; combined Helsinki+Pori workforce targeted ~1,000 by end-2026",,,Yes (polar-class hull blocks/heavy structures for heavy icebreaker programmes),,Helsinki Shipyard / Inocea Group (USCG ASC programme; Canada Polar Max),Private (Inocea Group / Davie),"helsinkishipyard.fi/pori-based-sata-shipbuilding-celebrates-start-of-construction-of-arctic-security-cutter-icebreakers-for-the-united-states-coast-guard (OFFICIAL industry, 2026-06-23); news.uscg.mil/Press-Releases/Article/4403354 (OFFICIAL .mil); en.portnews.ru/news/393299; gcaptain.com/construction-starts-on-first-arctic-security-cutter-in-finland; en.highnorthnews.com/business/finland-cuts-steel-for-first-us-coast-guard-arctic-security-cutter-marking-milestone/1114611",92,2026-08-23
ARC-SHIP-056,Davie Defense - Gulf Copper Galveston & Port Arthur,"Galveston & Port Arthur, Texas",USA,29.3013,-94.7975,Domestic build site for three of Davie Defense's five USCG Arctic Security Cutters (USCG official confirms 'three domestically'); trade press identifies Gulf Copper Galveston/Port Arthur facilities as the Texas build location following Finnish lead-yard phase; part of USD 3.5B five-vessel contract within 11-cutter national programme,,,Planned (medium polar icebreakers ASC; production shifts from Finland ~2027),,"US Coast Guard (prime: Davie Defense, Inc.)",Private (Inocea Group / Davie Defense operating at Gulf Copper facilities),"news.uscg.mil/Press-Releases/Article/4403354 (OFFICIAL .mil: 2 Helsinki + 3 domestically, first delivery early 2028); gcaptain.com/davie-finalizes-arctic-security-cutters-deal ($3.5B; Galveston+Port Arthur named); en.portnews.ru/news/393299 (Gulf Copper Galveston/Port Arthur); maritime-executive.com/article/u-s-finalizes-contract-for-six-arctic-security-cutters",85,2026-08-23
ARC-SHIP-057,Bollinger Shipyards - Houma/Lockport ASC Build Yard,"Houma & Lockport, Louisiana",USA,29.5958,-90.7194,"Arctic Security Cutters (up to 4x USCG ASC ~USD 2.143B FFP per SAM.gov / ~USD 2.2B per DHS, first US-built cutter expected 2029, all six by 2031),Mid-sized workboats,Offshore support",NULL,NULL,Arc4 (MPI design: Aker Arctic + Seaspan ULC; partners Rauma Marine Constructions + Seaspan),NULL,"US Coast Guard (DHS/DHS OIG oversight; Presidential Memorandum Construction of Arctic Security Cutters, up to 11 total ASCs)",Private,news.uscg.mil Press-Releases Article/4368196; dhs.gov/news 2026-07-02; gcaptain.com 2025-12-29; workboat.com shipbuilding coast-guard-awards-arctic-security-cutter-contracts,95,2026-08-23
ARC-SHIP-058,HD Hyundai Heavy Industries (Ulsan Shipyard),"Ulsan, South Korea",South Korea,35.5383,129.3114,"Icebreakers (Polar Class 4), Naval & Special-Purpose Vessels, Commercial Ships; landmark overseas icebreaker export",,,"Polar Class 4 (PC4) capability, 126 m / ~15,000 t, electric propulsion, breaks 1-1.2 m continuous ice, opens ~32 m channel (vs 24 m today), ~40% energy reduction; joint Sweden-Finland design; Baltic Sea icebreaking/towing/ice management",,"Swedish Maritime Administration (SMA) — new icebreaker (delivery 2029, USD 348.9M, first-ever Korean icebreaker export); commercial/naval fleet","Private (HD Hyundai Heavy Industries Co., Ltd.)","sjofartsverket.se/en/about-us/news-and-press/news/procurement-finalized-new-icebreaker-to-strengthen-swedens-preparedness/ (OFFICIAL Swedish Maritime Administration: USD 350M, larger than current, 32 m channel, ~40% energy reduction, delivery 2029, four-bid procurement); en.yna.co.kr/view/AEN20260422002300320 (Yonhap wire: USD 350M, first Korean icebreaker export, beat Finnish/Norwegian rivals); prnewswire.com/releases/hd-hyundai-heavy-industries-wins-south-koreas-first-overseas-icebreaker-order-302753724.html (HD HHI official release: USD 348.9M, 126 m / 15,000 t, PC4, electric propulsion); gcaptain.com (PC4, 1.2 m ice, Baltic, strategic Arctic push); koreaherald.com + koreatimes.co.kr (signing ceremony Stockholm, KOTRA + Korean Embassy support)",92,2026-08-25
ARC-SHIP-060,Skarvik AS — Lofoten Ship Repair & Conversion Yard (Svolvær),"Svolvær (Lofoten, Nordland)",Norway,68.2343,14.5573,"Ship repair & conversion; steel renewal, pipe fabrication, engine work, hull preparation, antifouling, class-related projects; propeller workshop",,,Yes — year-round covered repair (slipway + Syncrolift + dry dock in weather-protected halls) in Arctic Norway (Lofoten / Barents margin); serves Northern Norway fishing fleets and Coast Guard,,Fishing fleets in Nord-Norge; Norwegian Coast Guard; freight/intermediate vessels; Arctic & Northern Norway operators,Private (family-owned since 1935),"skarvik.no (OFFICIAL: founded 1935, family-owned, Svolvær/Kyst-Nordland, slipway + Syncrolift + dry dock + propeller workshop in weather-protected halls, steel renewal/pipe/engine/hull/antifouling/class work, fishing-fleet/coast-guard/freight clients, 7 staff); syncrolift.com (independent shiplift/transfer-system vendor reference for dock & Syncrolift capability); Fiskerstrand Verft (independent Norwegian yard benchmark — establishes Skarvik as a distinct Northern Norway Kystverket repair yard). NAME DISAMBIGUATION: distinct from Fiskerstrand Verft (Møre og Romsdal) and from Kimek AS (Kirkenes) — this is the separate Svolvær/Lofoten yard not previously in dataset",78,2026-08-25
ARC-SHIP-061,Aas Mek. Verksted AS — Vestnes Shipyard (newbuild / conversion / repair),Vestnes (Møre og Romsdal),Norway,62.6272,6.9985,"Newbuilding, conversions & repair; engineering; steel & aluminium construction; piping; electrical installation; outfitting",,,"Yes — covered slipway + floating dock for Arctic/Northern Norway, aquaculture (brønnbåt) and coastal workboats; year-round repair/outfitting",,"Norwegian coastal fleet; aquaculture/fish-farm (brønnbåt) vessels (e.g., Normex 7-boat contract, Apr 2026); fishing & offshore support",Private,"aasmek.no (OFFICIAL: founded 1911, Vestnes, engineering / steel+aluminium / piping / electrical / outfitting, floating dock + covered slipway, newbuild-conversion-repair, 17 staff, Nor-Fishing 2026, Normex 7 brønnbåter Apr 2026); Fiskerstrand Verft / Larsnes Mek. Verksted (independent Norwegian yard context — Aas Mek. is a distinct Møre og Romsdal shipyard). NAME DISAMBIGUATION: distinct from AS Mekanikk (Laksevåg) and from Kimek AS (Kirkenes) — this is the Vestnes, Møre og Romsdal yard not previously in dataset",76,2026-08-25
ARC-SHIP-062,St. John's Dockyard (Newdock) — Arctic-Capable Modernization (~C$250-300M),"St. John's Harbour, 475 Water Street, Newfoundland and Labrador",Canada,47.5615,-52.7126,"Vessel repair/refit, dry-docking, VLE & conversion; Arctic/icebreaker-capable; 6,550 m² steel machining & fabrication","Existing graving dock + new 28,000 t ship lift (largest in Western Hemisphere, post-modernization); multi-vessel",28000,"Yes — heavy/medium icebreaker repair, CCGS Arctic & offshore patrol vessel support",300+ (600+ serviced past decade; +220 trades jobs planned),"Canadian Coast Guard, RCN, offshore oil & gas; owners Membertou First Nation + Qalipu First Nation + Horizon Naval Engineering (Nov 2024)",Private (First Nation partnership),gov.nl.ca ECCC project-2393; canada.ca PSPC National Shipbuilding Strategy; financialpost.com; cbc.ca,88,2026-08-25
ARC-SHIP-063,"Bull Arm Floating Dry Dock (OilCo, Pre-FEED / RFEI July 2026)","Bull Arm Fabrication Site, Trinity Bay, Newfoundland and Labrador",Canada,47.9370,-53.8320,"Floating dry dock for ship repair, offshore servicing, marine construction, defence & decommissioning",TBD (floating dry dock; Pre-FEED engineering study),TBD (deepwater access & quay),Yes — defence & marine industrial capacity (support for Arctic vessels),N/A (under development; RFEI submissions due 2026-07-08),"OilCo, offshore/marine & defence sectors, decommissioning",Provincial Crown (OilCo / Province of Newfoundland and Labrador),gov.nl.ca/releases/2026/exec/0619n01 (OilCo RFEI); merx.com Reference 0000325283,85,2026-08-25
ARC-SHIP-064,Skála Shipyard Dry Dock (Articon) — new 150m graving dry dock,"Skála, Eysturoy, Faroe Islands",Faroe Islands (Denmark),62.1580,-6.7820,New dry dock for maintenance/repair of larger vessels; expanded North Atlantic repair capacity,150 m (L) × 33 m (W) × 12 m (D),TBD (larger regional vessels),Partial — North Atlantic / Arctic-adjacent (larger fishing & support vessels),"TBD (under construction; cofferdam completed with 20,000 t sand)",Faroe Islands & North Atlantic fishing/commercial fleet,Commercial (Faroe Islands marine infrastructure),bluefaroeislands.com post new-dry-dock-at-skala-takes-shape; Articon (constructor),80,2026-08-25
ARC-SHIP-065,Korsakov Composite-Material Shipyard (planned – part of KMTP modernisation),"Korsakov, Sakhalin Oblast, Russia",Russia,46.6347,142.774,Composite-material vessel construction (planned; adjacent to deep-water hub + fish-processing complex),TBD (planned; within KMTP reconstruction program),TBD,Planned – composite-material shipbuilding for Arctic/Far East fishing & support vessels,TBD,"Sakhalin fishing fleet, offshore oil & gas (planned)",State/Private (KMTP reconstruction program; Login Delo / Rosmorport),https://www.rosmarport.com/filials/shl_developmentofports/ (OFFICIAL Rosmorport: composite-material shipyard as one of 3 Korsakov modernisation projects incl. fish-processing to 500t/day); https://en.portnews.ru/news/387281/ (composite shipyard in 3-yr modernisation plan); https://www.portseurope.com/modernisation-of-privatised-korsakov-port-part-of-the-nsr/. NAME DISAMBIG: distinct from mainland shipyards; planned composite-material capacity co-located at Korsakov (Sakhalin) deep-water port.,75,2026-08-25
ARC-SHIP-067,Seaspan MPI (Multi-Purpose Icebreaker) Polar Class 4 Design Program x Aker Arctic - trilateral ICE Pact ASC design & supply chain,"Vancouver, BC (design / Vancouver Shipyards)",Canada,49.2827,-123.1207,Icebreaker design & supply-chain (Multi-Purpose Icebreaker / Polar Class 4); trilateral ICE Pact; licensed MPI Polar Class 4 design to Bollinger Shipyards & Rauma Marine Constructions for USCG Arctic Security Cutters (up to 6 vessels),,,"Multi-Purpose Icebreaker / Polar Class 4 (long-range, multi-mission extreme-Arctic ops); ready-for-production design; 21 icebreakers designed (mostly Canadian Coast Guard); design data + supply chain licensed into the ICE Pact trilateral network",,"US Coast Guard ASC programme (via Bollinger Shipyards / Rauma Marine Constructions open design + supply chain), Canadian Coast Guard, ICE Pact trilateral framework (Finland-Canada-US)",Private (Seaspan Shipyards; MPI design developed with Aker Arctic Technology Oy under Canada National Shipbuilding Strategy),"nationaldefensemagazine.org/articles/2026/1/7/canadian-company-inks-deal-to-design-new-coast-guard-icebreakers (National Defense Magazine / NDIA, 7 Jan 2026: Seaspan MPI design ready for production, developed with Aker Arctic, licensed to Bollinger + Rauma for up to 6 USCG ASCs, 21 icebreakers designed, Polar Class 4 long-range multi-mission); helsinkishipyard.fi (official ASC build context); bairdmaritime.com / highnorthnews (ASC build network). NAME DISAMBIG: distinct from ARC-SHIP-019 (Seaspan Vancouver Shipyards physical facility) and from ARC-SHIP-057 (Bollinger ASC build yard) - this row models the Seaspan MPI / Polar Class 4 design-licensing & supply-chain capability per dataset convention of capturing design & industrial-capability programmes",82,2026-08-25
ARC-SHIP-068,Bollinger Mississippi Yard (Pascagoula) — Polar Sentinel WMSP-21 Heavy Polar Icebreaker,"Pascagoula, Mississippi",USA,30.3470,-88.5430,"Heavy polar icebreaker construction (USCG Polar Security Cutter / Polar Sentinel WMSP-21); Eq-47 subzero hull steel fabrication; distributed Gulf Coast build (LaShip mid-body, Bollinger Larose bow/stern, Gulfport superstructure, assembly Pascagoula)",N/A,N/A,Heavy polar icebreaker (USCG Polar Class ~PC1/PC2); Eq-47 steel hull; 1 heavy PSC hull at a time (3 planned),1,US Coast Guard (DHS),Private (Bollinger Shipyards; acquired VT Halter Marine 2022),"news.usni.org 2026-08-17 ""Twin Icebreaker Projects Progressing at Bollinger's Gulf Coast Yards"" (Polar Sentinel WMSP-21 stern ~4 stories for welding; Eq-47 ~1.5in steel needing preheat; Bollinger acquired 2022; ~USD951.6M current work; GAO delivery ~2033; 33/85 modules, ~43 by yr-end); marinelink.com ""Construction Of Two Icebreakers At Bollinger Shipyards"" (Pascagoula MS; 2022 acquisition; USD951.6M package; 33-43 modules); news-pravda.com + usa.news-pravda.com 2026-08-18 (stern section assembly begun, EQ-47 steel; lead vessel ~USD3.4B; 3-ship program ~USD6B, ~60% over; Jul 2026 ~USD3.3B for six Arctic Security Cutters); dredgewire.com ""US Polar Security Cutter Delayed to 2033, Costs Top $6B, GAO Warns"" (GAO PSC lead delivery Mar 2033, FOC Mar 2039; ~USD6B; ~40% workforce growth); Bollinger Shipyards LinkedIn (Pascagoula MS; Amelia & Houma LA)",92,2026-08-25
ARC-SHIP-069,Bergen Group Sevgiprorybflot (Murmansk),Murmansk (Murmansk Oblast),Russia,68.9585,33.0827,"Vessel design & modernization; technical operation, repair & maintenance; fishing fleet & Arctic-navigation support; scanning/digitisation of ship design & documentation",,,Yes — Arctic/fishing vessel design & repair; supports safe navigation & fishing operations; origins 1957; Norwegian Bergen Group founder since 2008,,Russian (Murmansk region) fishing / Arctic-navigation fleet,"Private (since 2008, Norwegian Bergen Group as founder; history to 1957)","sgrf-mur.com (OFFICIAL Bergen Group Sevgiprorybflot — Murmansk shipbuilding/vessel design & repair co., origins 1957, Bergen Group founder since 2008); linkedin.com/company/sevgiprorybflot (corporate profile — design & modernisation of vessels, safe navigation, fishing ops, ship repair, Murmansk HQ, MD Vasily Shaitanov)",65,2026-08-26
ARC-SHIP-070,Harstad Mek. Verksted AS (Hamek) — Harstad Skipsindustri,"Harstad, Troms",Norway,68.7983,16.5414,"Largest regional maritime service/repair facility in Harstad; shipbuilding, marine services, welding, mechanical & piping work, docking/slip services; aquaculture, offshore, fisheries, passenger & commercial vessels",Nord-Norge's largest dry dock; 4 slipways (2 covered),,Arctic-capable ship repair & conversion; supports offshore/fisheries/passenger & commercial fleets in northern Norway; ~100 employees; ~NOK 140M annual turnover,,"Harstad municipal & regional maritime ecosystem; aquaculture, offshore, fisheries, commercial & passenger fleets",Private (wholly-owned subsidiary of Harstad Skipsindustri AS),"hamek.as (OFFICIAL Harstad Mek. Verksted AS / Hamek — region's largest maritime service facility, 4 slipways incl 2 covered, Nord-Norge's largest dry dock, ~100 staff, ~NOK 140M turnover, wholly-owned by Harstad Skipsindustri AS); harstadhavn.no (OFFICIAL Port of Harstad KF — Harstad maritime/property development & Rødskjær havn industrial park context); linkedin.com/company/harstadmek (corporate profile). NAME DISAMBIG: distinct from existing Harstad Havn KF port-authority port rows — this row models the Hamek shipyard/manufacturing facility",85,2026-08-26
ARC-SHIP-076,Zhatay Fleet Operations Base / Zhatay Shipyard (Lena River Basin fleet upgrade),"Zhatay (Yakutia, Republic of Sakha)",Russia,62.1600,129.8300,"Reconstruction & retrofit into high-tech shipyard: construction, upgrade & assembly of passenger/cargo river-marine vessels from kits supplied by AO United Shipbuilding Corporation / Russian shipbuilders; serves Lena River Basin inland transport fleet & Arctic delivery to Yakutia communities",,,"Yes — Arctic river-marine & ice-capable vessel construction/upgrade; part of National Arctic Development Program 'Fleet Upgrade & Shipbuilding for Inland Transportation of Cargo in Lena River Basin'; serves inland Arctic supply lines to Emercom & Defence Ministry bases; ~1,300 jobs",,Republic of Sakha (Yakutia) / LORP (Zhatay Fleet Operations Base) / AO United Shipbuilding Corporation,"State (federal-funded: ~RUB 5.75B project, ~RUB 4.1B federal budget)","doi.org/10.1088/1755-1315/459/6/062039 (IOPscience peer-reviewed: Zhatay Fleet Operations Base comprehensive development; ~RUB 5.75B, ~RUB 4.1B federal, ~1,300 jobs; National Arctic Development Program fleet upgrade); k2cargo.news (independent: Zhatay Shipyard modernization in Yakutia for Arctic fleet renewal)",85,2026-08-26
ARC-SHIP-071,Grovfjord Mek. Verksted AS (GMV) — Arctic-Capable Custom Shipyard,"Grovfjord, Tjeldsund (formerly Skånland), Troms",Norway,68.5830,17.3700,"Design & delivery of custom marine vessels up to 36m: autonomous/uncrewed vessels, battery-electric (zero-emission) ships, offshore wind support and Arctic-capable workboats; in-house engineering, integrated automation & propulsion,Custom builds to 36m LOA; aluminum & steel; autonomous navigation + battery-electric systems suited to remote North-Norway operations; in-house engineering and integrated automation/maneuvering; Arctic/ice-adapted and zero-emission focus","Custom shipyard, no large graving dock (slipway/build hall; ~300 dwt max)",~300 dwt (36m LOA),Arctic-capable / ice-adapted; battery-electric + autonomous systems for remote high-latitude operations; sustainable aluminum & steel designs,"~3-5 custom newbuilds/yr (small series, on-demand)","Northern-Norway fisheries, offshore wind, aquaculture & research operators; partner Changeneering AS (battery-electric)","Private (founded 1919, family-built; ~5-9 staff)","gmv.no (OFFICIAL: founded 1919, custom vessels to 36m, autonomous/battery-electric, in-house engineering, offshore-wind & Arctic-capable); gmv.no newbuild/project + Changeneering AS partner pages; Maritime Robotics & Selfa Arctic AB context of Norwegian Arctic-capable yards. NAME DISAMBIGUATION: distinct from Grovfjord Båtbyggeri A/S (small boat-builder, 2 staff) and ARC-SHIP-070 Harstad Mek. Verksted — this row is the Grovfjord Mek. Verksted (GMV) shipyard; approx geolocation 68.5830N / 17.3700E.",80,2026-08-26
ARC-SHIP-072,Green Yard Kleven AS — Ulsteinvik Shipyard (newbuild / retrofit / conversion / recycling),Ulsteinvik (Møre og Romsdal),Norway,62.3442,5.8471,"Newbuilding; retrofits; conversions; repairs; rig services; ship & rig recycling; sustainable life-cycle yard; part of Green Yard Group (with Green Yard Feda, Flekkefjord)",No graving dock; 300 t quay crane; rig harbour; vessel landing; indoor slip hall; mobile offshore/rig services,"~Newbuild/retrofit (project-based, B404 offshore vessel outfitting)","Arctic/offshore-capable — offshore rig & vessel newbuild/retrofit/recycling; northern-Norway, national & international clients; life-cycle sustainability focus","Project-based (~22 staff, build-per-project)","National & international offshore/maritime clients; project partners Marin Teknikk, ACEL Group, NES, Kongsberg Maritime","Private (Green Yard Group; founded 1944, HQ Klubbenesvegen 39, Ulsteinvik)","greenyard.no (OFFICIAL: Green Yard Kleven, Ulsteinvik, founded 1944, ~22 staff, newbuild/retrofit/conversion/repair/recycling/rig services, HQ Klubbenesvegen 39, part of Green Yard Group); linkedin.com/company/green-yard-as (Green Yard Group corporate - Kleven Ulsteinvik + Feda Flekkefjord, 300t quay crane, rig harbour, indoor slip hall); context Fiskerstrand Verft / Myklebust Verft (independent Norwegian yards)",80,2026-08-26
ARC-SHIP-073,Novatek Severny Inzhiniring (Northern Engineering) — Novatek in-house shipbuilding & engineering subsidiary (Arctic LNG carriers / FPSUs),Moscow (registered HQ 2026-03-25; vessel/FPU build-out supports Yamal LNG & Arctic LNG 2),Russia,55.7558,37.6173,"In-house shipbuilding & engineering subsidiary created to alleviate the shortage of icebreaking LNG tankers & floating production units; builds Novatek-owned vessels and floating production units, with Arkhangelsk/Murmansk-area development possible; wholly owned by Novatek, registered 25 Mar 2026, financials consolidated into Novatek",,,Arc7 / ice-class LNG carrier + FPSU engineering & construction; supports Yamal LNG & Arctic LNG 2 amid sanctions-limited access to specialized LNG tank-membrane shipbuilding tech,,"Yamal LNG, Arctic LNG 2 (Novatek group)",Private (100% Novatek-owned subsidiary; registered 2026-03-25),https://en.flows.be/shipping/2026/04/russian-novatek-sets-up-shipyard-due-to-shortage-of-icebreaker-gas-tankers/ ; https://www.imarinenews.com/34003.html,80,2026-09-02
ARC-SHIP-074,Larsnes Mek. Verksted AS — Larsnes/Sande newbuild & repair yard (well-boat & naval standard-vessel builder),"Larsnes, Sande Municipality, Møre og Romsdal",Norway,62.4500,6.0900,"Specialist newbuild, repair, docking & conversion of modern fishing vessels and live-fish/well-boats (aquaculture carriers); collaborates with Ulstein Group to deliver 28 standard vessels for the Royal Norwegian Navy (NDMA); newbuild + covered dry dock + quays; Skipskompetanse SK design platforms & zero-emission closed-transport fish carriers",135x24m covered dock + 150x40m covered hall,,Yes — weather-protected covered dry dock + hall; builds vessels for demanding Norwegian/Arctic waters and cold-climate operation; contributes to the Norwegian Navy's 28 standard-vessel fleet for national preparedness (Arctic-naval capability); serves Northern Norway fishing & well-boat fleets,Series newbuilds (live-fish carrier LFC series; key current build NB.75 hull delivery Sept 2026),"Rostein AS (main shareholder since Dec 2014); SalMar ASA; Myre Kystdrift AS; Naviera Orca Chile; Norwegian Defence Materiel Agency (NDMA, 28 standard naval vessels via Ulstein collaboration)",Private (Rostein AS main shareholder since 2014; est. 1981),"larsnes-mek.no (OFFICIAL: est. 1981, Larsnes/Sande Møre og Romsdal, 135x24m covered dry dock + 150x40m covered hall, newbuild/repair of advanced fishing & live-fish carriers, Rostein main shareholder since Dec 2014; Rostein NB.75 live-fish carrier hull delivery Sept 2026; Ulstein Group + Larsnes collaboration on 28 Royal Norwegian Navy standard vessels with NDMA, hulls from Poland Gdynia-Gdańsk, ~75-80% Norwegian value creation). NAME DISAMBIGUATION: distinct from ARC-SHIP-061 Aas Mek Verksted (Vestnes) and Fiskerstrand Verft — this is the separate Larsnes/Sande yard.",80,2026-09-03
ARC-SHIP-075,"Rosatom / Rusatomenergo planned shipyard for final assembly of floating power units (PEMs), Murmansk area","Murmansk area (exact site TBD; chosen for Atomflot adjacency, port infrastructure, direct ocean access; relieves Baltic Shipyard capacity limits), Russia",Russia,,,"Final assembly of Rosatom nuclear floating power units (RITM series) — dozens of PEBs planned for Arctic cities, mining/industrial projects and transport hubs; context includes Project 22220 icebreaker build-out; announced by Rosatom CEO Likhachev at VEF-2026 (expert.ru interview, 1 Sep 2026); investment 'tens of billions of rubles', site TBD; EARLIER INDEPENDENT REPORTING (RBC via Barents Observer, 6-Mar-2025): project cost up to RUB 100B (~EUR 1B), planned plot north of Murmansk city next to Atomflot base, project lead = Rosatom Deputy GD Andrei Nikipelov, construction possibly from 2027; yard to complete the two China-built FNPP barges for Chukotka (106 MW each) and service Akademik Lomonosov",TBD,N/A (PEB assembly),N/A — floating nuclear power plant assembly for Arctic/NSR deployment,dozens of PEBs (planned),"Rosatom/Rusatomenergo (RITM-200N floating power unit series); Arctic regions, NSR infrastructure",State corporation (Rosatom),"https://expert.ru/intervyu/transarkticheskiy-koridor-vstroit-rossiyu-v-novuyu-arkhitekturu-mirovoy-logistiki/ (Likhachev interview, OFFICIAL-CORPORATE: shipyard near Murmansk for final assembly of floating power units, tens of billions RUB, dozens of PEBs, Baltic Shipyard capacity limits, Atomflot/port/ocean-access rationale, 22220 icebreaker orders) + https://www.kommersant.ru/doc/8923014 (independent 1-Sep-2026, same interview) + https://www.thebarentsobserver.com/news/rosatom-mulls-new-yard-in-murmansk/426050 (independent, 6-Mar-2025, citing RBC: up to RUB 100B, Kola Bay plot north of Murmansk next to Atomflot, Nikipelov lead, construction from 2027) ; NAME-DISAMBIG: distinct from ARC-SHIP-049 Novatek Kola Shipyard/CSMS (private Novatek), ARC-SHIP-052 Kolskaya sports-boat workshop, ARC-SHIP-001 Baltic Shipyard St Petersburg (the constrained parent yard), and Sevmash Arkhangelsk",88,2026-09-04
